{"cameraMode":{"drawMode":0,"name":"Shaded","section":"Shading Mode"},"sceneLighting":false,"audioPlay":false,"sceneViewState":{"showFog":true,"showMaterialUpdate":false,"showSkybox":true,"showFlares":true,"showImageEffects":true,"showParticleSystems":true},"in2DMode":false,"pivot":{"x":-0.14149874448776246,"y":0.11947421729564667,"z":-0.14316383004188538},"rotation":{"x":-0.12204769253730774,"y":-0.8034217953681946,"z":0.17655625939369203,"w":-0.5553788542747498},"size":1.0244567394256592,"orthographic":false}