{"cameraMode":{"drawMode":0,"name":"Shaded","section":"Shading Mode"},"sceneLighting":true,"audioPlay":false,"sceneViewState":{"showFog":true,"showMaterialUpdate":false,"showSkybox":true,"showFlares":true,"showImageEffects":true,"showParticleSystems":true},"in2DMode":false,"pivot":{"x":269.45159912109377,"y":-35.03689193725586,"z":134.8287811279297},"rotation":{"x":-0.029271995648741723,"y":-0.9694817662239075,"z":0.1453622728586197,"w":-0.19523854553699494},"size":22.0,"orthographic":false}