{"cameraMode":{"drawMode":0,"name":"Shaded","section":"Shading Mode"},"sceneLighting":false,"audioPlay":false,"sceneViewState":{"showFog":true,"showMaterialUpdate":false,"showSkybox":true,"showFlares":true,"showImageEffects":true,"showParticleSystems":true},"in2DMode":false,"pivot":{"x":-0.13805586099624635,"y":0.1190473735332489,"z":-0.14672747254371644},"rotation":{"x":-0.12634685635566712,"y":-0.5771260857582092,"z":0.09095671772956848,"w":-0.8016787767410278},"size":2.7561137676239015,"orthographic":false}