{"cameraMode":{"drawMode":0,"name":"Shaded","section":"Shading Mode"},"sceneLighting":true,"audioPlay":false,"sceneViewState":{"showFog":true,"showMaterialUpdate":false,"showSkybox":true,"showFlares":true,"showImageEffects":true,"showParticleSystems":true},"in2DMode":false,"pivot":{"x":23.970300674438478,"y":-6.599986553192139,"z":77.24815368652344},"rotation":{"x":0.0653945654630661,"y":0.1639997661113739,"z":-0.010898743756115437,"w":0.984230101108551},"size":79.52622985839844,"orthographic":false}