{"cameraMode":{"drawMode":0,"name":"Shaded","section":"Shading Mode"},"sceneLighting":true,"audioPlay":false,"sceneViewState":{"showFog":true,"showMaterialUpdate":false,"showSkybox":true,"showFlares":true,"showImageEffects":true,"showParticleSystems":true},"in2DMode":false,"pivot":{"x":-2.094310760498047,"y":3.5609967708587648,"z":11.642234802246094},"rotation":{"x":-0.03833743929862976,"y":0.48299098014831545,"z":-0.021173210814595224,"w":-0.8745294213294983},"size":10.0,"orthographic":false}