{"cameraMode":{"drawMode":0,"name":"Shaded","section":"Shading Mode"},"sceneLighting":false,"audioPlay":false,"sceneViewState":{"showFog":true,"showMaterialUpdate":false,"showSkybox":true,"showFlares":true,"showImageEffects":true,"showParticleSystems":true},"in2DMode":false,"pivot":{"x":-1.6475192308425904,"y":0.7928968667984009,"z":-0.17164383828639985},"rotation":{"x":-0.07753007113933563,"y":-0.6344210505485535,"z":0.06417808681726456,"w":-0.766407310962677},"size":1.256113886833191,"orthographic":false}