{"cameraMode":{"drawMode":0,"name":"Shaded","section":"Shading Mode"},"sceneLighting":true,"audioPlay":false,"sceneViewState":{"showFog":true,"showMaterialUpdate":false,"showSkybox":true,"showFlares":true,"showImageEffects":true,"showParticleSystems":true},"in2DMode":false,"pivot":{"x":-1.3682340383529664,"y":19.282699584960939,"z":-23.570117950439454},"rotation":{"x":-0.36147254705429079,"y":-0.5923141241073608,"z":0.336256742477417,"w":-0.6367362141609192},"size":28.115520477294923,"orthographic":false}