{"cameraMode":{"drawMode":0,"name":"Shaded","section":"Shading Mode"},"sceneLighting":true,"audioPlay":false,"sceneViewState":{"showFog":true,"showMaterialUpdate":false,"showSkybox":true,"showFlares":true,"showImageEffects":true,"showParticleSystems":true},"in2DMode":false,"pivot":{"x":-3.192229986190796,"y":4.6625566482543949,"z":4.064609527587891},"rotation":{"x":0.0006457545678131282,"y":0.9706305861473084,"z":0.002602148335427046,"w":-0.2405598908662796},"size":4.052120208740234,"orthographic":false}