{"cameraMode":{"drawMode":0,"name":"Shaded","section":"Shading Mode"},"sceneLighting":false,"audioPlay":false,"sceneViewState":{"showFog":true,"showMaterialUpdate":false,"showSkybox":true,"showFlares":true,"showImageEffects":true,"showParticleSystems":true},"in2DMode":false,"pivot":{"x":-0.05231389403343201,"y":1.287104606628418,"z":-1.6078085899353028},"rotation":{"x":-0.0003340581606607884,"y":0.9993107318878174,"z":-0.009312535636126995,"w":-0.035935431718826297},"size":4.846686363220215,"orthographic":false}