{"cameraMode":{"drawMode":0,"name":"Shaded","section":"Shading Mode"},"sceneLighting":true,"audioPlay":false,"sceneViewState":{"showFog":true,"showMaterialUpdate":false,"showSkybox":true,"showFlares":true,"showImageEffects":true,"showParticleSystems":true},"in2DMode":false,"pivot":{"x":-3.4427807331085207,"y":4.5445756912231449,"z":3.950995445251465},"rotation":{"x":0.020798437297344209,"y":0.770869255065918,"z":0.02520144172012806,"w":-0.63615483045578},"size":2.2985000610351564,"orthographic":false}