{"cameraMode":{"drawMode":0,"name":"Shaded","section":"Shading Mode"},"sceneLighting":false,"audioPlay":false,"sceneViewState":{"showFog":true,"showMaterialUpdate":false,"showSkybox":true,"showFlares":true,"showImageEffects":true,"showParticleSystems":true},"in2DMode":false,"pivot":{"x":0.48000001907348635,"y":1.8299999237060547,"z":-8.17440128326416},"rotation":{"x":0.03229861706495285,"y":-0.9600412845611572,"z":0.1248466894030571,"w":0.24837662279605866},"size":4.0416579246521,"orthographic":false}