{"cameraMode":{"drawMode":0,"name":"Shaded","section":"Shading Mode"},"sceneLighting":true,"audioPlay":false,"sceneViewState":{"showFog":true,"showMaterialUpdate":false,"showSkybox":true,"showFlares":true,"showImageEffects":true,"showParticleSystems":true},"in2DMode":false,"pivot":{"x":4.30258846282959,"y":4.282252788543701,"z":17.45560073852539},"rotation":{"x":0.0265842042863369,"y":-0.9099843502044678,"z":0.059068601578474048,"w":0.4095518887042999},"size":4.728067398071289,"orthographic":false}