{"cameraMode":{"drawMode":0,"name":"Shaded","section":"Shading Mode"},"sceneLighting":true,"audioPlay":false,"sceneViewState":{"showFog":true,"showMaterialUpdate":false,"showSkybox":true,"showFlares":true,"showImageEffects":true,"showParticleSystems":true},"in2DMode":false,"pivot":{"x":6.884582042694092,"y":5.41256046295166,"z":19.087377548217775},"rotation":{"x":0.0010254058288410307,"y":-0.998197615146637,"z":0.05727991461753845,"w":0.01787734590470791},"size":4.728067398071289,"orthographic":false}