{"cameraMode":{"drawMode":0,"name":"Shaded","section":"Shading Mode"},"sceneLighting":false,"audioPlay":false,"sceneViewState":{"showFog":true,"showMaterialUpdate":false,"showSkybox":true,"showFlares":true,"showImageEffects":true,"showParticleSystems":true},"in2DMode":false,"pivot":{"x":-0.005077779293060303,"y":1.25,"z":-0.1085900068283081},"rotation":{"x":0.015407170169055462,"y":0.7906948924064636,"z":0.0199144184589386,"w":-0.611692488193512},"size":4.846686363220215,"orthographic":false}