{"cameraMode":{"drawMode":0,"name":"Shaded","section":"Shading Mode"},"sceneLighting":false,"audioPlay":false,"sceneViewState":{"showFog":true,"showMaterialUpdate":false,"showSkybox":true,"showFlares":true,"showImageEffects":true,"showParticleSystems":true},"in2DMode":false,"pivot":{"x":-93.2750015258789,"y":-10.994942665100098,"z":-7.135000228881836},"rotation":{"x":-0.02862333506345749,"y":0.790230393409729,"z":-0.03701949864625931,"w":-0.6110206246376038},"size":2.9894540309906008,"orthographic":false}