{"cameraMode":{"drawMode":0,"name":"Shaded","section":"Shading Mode"},"sceneLighting":true,"audioPlay":false,"sceneViewState":{"showFog":true,"showMaterialUpdate":false,"showSkybox":true,"showFlares":true,"showImageEffects":true,"showParticleSystems":true},"in2DMode":false,"pivot":{"x":-37.80333709716797,"y":-10.259130477905274,"z":34.18431854248047},"rotation":{"x":-0.00782278086990118,"y":0.026093175634741784,"z":-0.00020435679471120238,"w":-0.9996289014816284},"size":22.0,"orthographic":false}