{"cameraMode":{"drawMode":0,"name":"Shaded","section":"Shading Mode"},"sceneLighting":true,"audioPlay":false,"sceneViewState":{"showFog":true,"showMaterialUpdate":false,"showSkybox":true,"showFlares":true,"showImageEffects":true,"showParticleSystems":true},"in2DMode":false,"pivot":{"x":-2.708286762237549,"y":2.8762693405151369,"z":2.3691582679748537},"rotation":{"x":-0.04278656840324402,"y":0.8346092700958252,"z":-0.06549186259508133,"w":-0.5452591776847839},"size":10.0,"orthographic":false}