{"cameraMode":{"drawMode":0,"name":"Shaded","section":"Shading Mode"},"sceneLighting":false,"audioPlay":false,"sceneViewState":{"showFog":true,"showMaterialUpdate":false,"showSkybox":true,"showFlares":true,"showImageEffects":true,"showParticleSystems":true},"in2DMode":false,"pivot":{"x":-0.026974856853485109,"y":1.2019847631454468,"z":-0.10457346588373184},"rotation":{"x":0.001810171059332788,"y":0.007807482033967972,"z":-0.000013700035196961835,"w":0.9999678730964661},"size":4.7280659675598148,"orthographic":false}